Rk,Player,Tm,FantPos,Age,G,GS,Cmp,PassAtt,PassYds,PassTDs,Int,RushAtt,RushYds,RushY/A,RushTDs,Tgt,Rec,RecYds,Y/R,RecTDs,Fmb,FL,TotTDs,2PM,2PP,FantPt,PPR,DKPt,FDPt,VBD,PosRank,OvRank
1,Christian McCaffrey,SFO,RB,27,7,7,0,0,0,0,0,125,598,4.78,8,30,26,228,8.77,3,3,2,11,,,145.0,170.6,178.6,157.6,87.0,1,1.0
2,Tyreek Hill,MIA,WR,29,7,7,0,0,0,0,0,1,14,14.0,0,74,53,902,17.02,7,0,0,7,,,134.0,186.6,189.6,160.1,77.0,1,2.0
3,Raheem Mostert,MIA,RB,31,7,7,0,0,0,0,0,84,474,5.64,9,23,19,151,7.95,2,3,1,11,,,127.0,145.5,152.5,136.0,70.0,2,3.0
4,Travis Etienne,JAX,RB,24,7,7,0,0,0,0,0,127,504,3.97,7,29,24,196,8.17,0,0,0,7,1.0,,114.0,138.0,144.0,126.0,58.0,3,4.0
5,Josh Allen,BUF,QB,27,7,7,174,246,1841,15,7,29,148,5.1,4,0,0,0,,0,3,2,4,,1.0,156.0,156.4,171.4,163.4,47.0,1,5.0
6,Stefon Diggs,BUF,WR,30,7,7,0,0,0,0,0,0,0,,0,78,55,678,12.33,6,1,1,6,,,102.0,156.8,160.8,129.3,47.0,2,6.0
7,A.J. Brown,PHI,WR,26,7,7,0,0,0,0,0,0,0,,0,75,52,809,15.56,3,0,0,3,,,99.0,150.9,153.9,124.9,44.0,3,7.0
8,Jalen Hurts,PHI,QB,25,7,7,164,244,1821,9,8,74,274,3.7,6,0,0,0,,0,2,2,6,,,152.0,152.2,168.2,160.2,43.0,2,8.0
9,Kyren Williams,LAR,RB,23,6,5,0,0,0,0,0,97,456,4.7,6,24,13,105,8.08,1,1,0,7,,,98.0,111.1,117.1,104.6,43.0,4,9.0
10,Patrick Mahomes,KAN,QB,28,7,7,185,266,2017,15,6,33,214,6.48,0,0,0,0,,0,1,0,0,,,150.0,150.1,162.1,156.1,41.0,3,10.0
11,Zack Moss,IND,RB,26,6,5,0,0,0,0,0,114,523,4.59,4,19,15,115,7.67,1,0,0,5,1.0,,96.0,110.8,116.8,103.3,41.0,5,11.0
12,Travis Kelce,KAN,TE,34,6,6,0,0,0,0,0,0,0,,0,59,48,525,10.94,4,0,0,4,,,77.0,124.5,127.5,100.5,39.0,1,12.0
13,D.J. Moore,CHI,WR,26,7,7,0,0,0,0,0,0,0,,0,51,40,636,15.9,5,0,0,5,,,94.0,133.6,136.6,113.6,39.0,4,13.0
14,Lamar Jackson,BAL,QB,26,7,7,142,200,1610,8,3,69,363,5.26,5,0,0,0,,0,8,5,5,,,147.0,146.7,160.7,149.7,38.0,4,14.0
15,De'Von Achane,MIA,RB,22,4,1,0,0,0,0,0,38,460,12.11,5,11,9,67,7.44,2,1,1,7,,,93.0,101.7,105.7,97.2,38.0,6,15.0
16,Kenneth Walker III,SEA,RB,23,6,6,0,0,0,0,0,109,450,4.13,6,16,13,106,8.15,0,0,0,6,,,92.0,104.6,110.6,98.1,37.0,7,16.0
17,Keenan Allen,LAC,WR,31,6,6,1,1,49,1,0,2,6,3.0,0,64,46,574,12.48,4,1,0,4,,,88.0,134.0,137.0,111.0,34.0,5,17.0
18,Puka Nacua,LAR,WR,22,7,7,0,0,0,0,0,2,4,2.0,0,82,58,752,12.97,2,1,0,2,,,88.0,145.6,148.6,116.6,34.0,6,18.0
19,Mark Andrews,BAL,TE,28,6,5,0,0,0,0,0,1,0,0.0,0,40,28,357,12.75,5,0,0,5,,,66.0,93.7,96.7,79.7,29.0,2,19.0
20,Isiah Pacheco,KAN,RB,24,7,6,0,0,0,0,0,100,419,4.19,3,23,21,163,7.76,1,0,0,4,,,82.0,103.2,109.2,92.7,28.0,8,20.0
21,Brian Robinson Jr.,WAS,RB,24,7,7,0,0,0,0,0,85,325,3.82,4,14,11,113,10.27,2,1,0,6,1.0,,82.0,92.8,98.8,87.3,27.0,9,21.0
22,D'Andre Swift,PHI,RB,24,7,6,0,0,0,0,0,101,514,5.09,2,30,26,128,4.92,1,1,1,3,,,80.0,106.2,113.2,93.2,26.0,10,22.0
23,David Montgomery,DET,RB,26,5,5,0,0,0,0,0,94,385,4.1,6,10,6,66,11.0,0,2,1,6,,,79.0,85.1,89.1,82.1,25.0,11,23.0
24,Adam Thielen,CAR,WR,33,6,6,0,0,0,0,0,1,6,6.0,0,59,49,509,10.39,4,0,0,4,1.0,,78.0,126.5,129.5,102.0,24.0,7,24.0
25,Tua Tagovailoa,MIA,QB,25,7,7,163,229,2092,15,6,15,18,1.2,0,0,0,0,,0,6,1,0,,,131.0,131.5,141.5,137.5,24.0,5,25.0
26,Jordan Addison,MIN,WR,21,7,4,0,0,0,0,0,0,0,,0,44,29,400,13.79,6,0,0,6,,,76.0,105.0,108.0,90.5,23.0,8,26.0
27,Derrick Henry,TEN,RB,29,6,6,1,2,2,1,0,98,425,4.34,3,13,11,117,10.64,0,0,0,3,,,76.0,87.3,93.3,81.8,22.0,12,27.0
28,Kirk Cousins,MIN,QB,35,7,7,193,280,2057,16,5,12,16,1.33,0,0,0,0,,0,7,4,0,,,130.0,129.9,141.9,134.9,22.0,6,28.0
29,Ja'Marr Chase,CIN,WR,23,6,6,0,0,0,0,0,1,2,2.0,0,73,50,556,11.12,3,0,0,3,,,74.0,123.8,126.8,98.8,21.0,9,29.0
30,Justin Jefferson,MIN,WR,24,5,5,0,0,0,0,0,0,0,,0,53,36,571,15.86,3,1,1,3,,,73.0,109.1,113.1,91.1,20.0,10,30.0
31,Sam LaPorta,DET,TE,22,7,5,0,0,0,0,0,0,0,,0,49,35,377,10.77,3,0,0,3,,,56.0,90.7,93.7,73.2,20.0,3,31.0
32,Nico Collins,HOU,WR,24,6,3,0,0,0,0,0,0,0,,0,42,29,547,18.86,3,0,0,3,,,73.0,101.7,104.7,87.2,20.0,11,32.0
33,Amon-Ra St. Brown,DET,WR,24,6,6,0,0,0,0,0,1,4,4.0,0,69,51,557,10.92,3,1,1,3,,,72.0,123.1,127.1,97.6,19.0,12,33.0
34,James Cook,BUF,RB,24,7,5,0,0,0,0,0,88,419,4.76,1,21,17,186,10.94,1,0,0,2,,,73.0,89.5,95.5,81.0,19.0,13,34.0
35,Jared Goff,DET,QB,29,7,7,174,256,1902,11,4,16,15,0.94,2,0,0,0,,0,2,0,2,,,126.0,125.6,132.6,129.6,18.0,7,35.0
36,Mike Evans,TAM,WR,30,6,6,0,0,0,0,0,0,0,,0,49,30,468,15.6,4,0,0,4,,,71.0,100.8,103.8,85.8,18.0,14,36.0
37,Davante Adams,LVR,WR,31,7,7,0,0,0,0,0,0,0,,0,71,46,528,11.48,3,0,0,3,,,71.0,116.8,119.8,93.8,18.0,13,37.0
38,Justin Herbert,LAC,QB,25,6,6,142,212,1592,10,4,28,80,2.86,3,1,1,10,10.0,0,1,0,3,,1.0,125.0,125.7,132.7,129.2,17.0,8,38.0
39,Bijan Robinson,ATL,RB,21,7,6,0,0,0,0,0,81,404,4.99,0,32,26,189,7.27,2,1,1,2,,,69.0,95.3,102.3,82.3,16.0,14,39.0
40,Jakobi Meyers,LVR,WR,27,6,6,0,0,0,0,0,1,0,0.0,0,56,37,385,10.41,5,0,0,5,,,69.0,105.5,108.5,87.0,16.0,15,40.0
41,Jerome Ford,CLE,RB,24,6,3,0,0,0,0,0,78,344,4.41,2,19,14,104,7.43,2,1,1,4,1.0,,69.0,82.8,89.8,75.8,15.0,15,41.0
42,Josh Jacobs,LVR,RB,25,7,7,0,0,0,0,0,118,347,2.94,2,39,26,215,8.27,0,0,0,2,,,68.0,94.2,100.2,81.2,15.0,16,42.0
43,T.J. Hockenson,MIN,TE,26,7,4,0,0,0,0,0,0,0,,0,59,47,390,8.3,2,1,1,2,,,49.0,96.0,100.0,72.5,14.0,4,43.0
44,Tony Pollard,DAL,RB,26,6,6,0,0,0,0,0,96,370,3.85,2,29,25,176,7.04,0,2,1,2,1.0,,67.0,91.6,98.6,79.1,13.0,17,44.0
45,Brock Purdy,SFO,QB,24,7,7,131,193,1668,11,3,20,50,2.5,2,0,0,0,,0,5,1,2,,,120.0,119.7,126.7,122.7,13.0,9,45.0
46,Breece Hall,NYJ,RB,22,6,6,0,0,0,0,0,66,426,6.45,2,18,13,113,8.69,0,2,0,2,,,66.0,78.9,84.9,72.4,13.0,18,46.0
47,George Kittle,SFO,TE,30,7,7,0,0,0,0,0,1,2,2.0,0,32,23,294,12.78,3,0,0,3,,,48.0,70.6,73.6,59.1,12.0,5,47.0
48,Christian Kirk,JAX,WR,27,7,7,1,1,-1,0,0,1,6,6.0,0,55,39,474,12.15,3,1,1,3,,,64.0,103.0,107.0,83.5,11.0,16,48.0
49,George Pickens,PIT,WR,22,6,6,0,0,0,0,0,1,16,16.0,0,48,27,500,18.52,2,1,0,2,,,64.0,90.6,93.6,77.1,11.0,17,49.0
50,Brandon Aiyuk,SFO,WR,25,6,6,0,0,0,0,0,0,0,,0,43,30,511,17.03,2,0,0,2,,,63.0,93.1,96.1,78.1,11.0,18,50.0
51,Michael Pittman Jr.,IND,WR,26,7,7,0,0,0,0,0,0,0,,0,65,42,489,11.64,2,1,0,2,1.0,,63.0,104.9,107.9,83.9,10.0,19,51.0
52,Russell Wilson,DEN,QB,35,7,7,142,214,1499,13,4,23,171,7.43,0,0,0,0,,0,3,2,0,,,117.0,117.1,129.1,121.1,10.0,10,52.0
53,Dallas Goedert,PHI,TE,28,7,7,0,0,0,0,0,0,0,,0,41,31,324,10.45,2,0,0,2,,,44.0,75.4,78.4,59.9,9.0,6,53.0
54,Darren Waller,NYG,TE,31,7,7,0,0,0,0,0,0,0,,0,49,35,380,10.86,1,0,0,1,,,44.0,79.0,82.0,61.5,9.0,7,54.0
55,Courtland Sutton,DEN,WR,28,7,7,0,0,0,0,0,0,0,,0,43,31,351,11.32,5,2,2,5,,,61.0,92.1,97.1,76.6,9.0,20,55.0
56,Cole Kmet,CHI,TE,24,7,7,0,0,0,0,0,2,1,0.5,0,32,25,240,9.6,3,1,0,3,,,42.0,67.1,70.1,54.6,7.0,8,56.0
57,Marquise Brown,ARI,WR,26,7,7,0,0,0,0,0,1,29,29.0,0,60,32,383,11.97,3,0,0,3,,,59.0,91.2,94.2,75.2,7.0,21,57.0
58,Gus Edwards,BAL,RB,28,7,3,0,0,0,0,0,86,346,4.02,2,5,4,93,23.25,0,0,0,2,1.0,,58.0,61.9,64.9,59.9,5.0,19,58.0
59,Dalton Schultz,HOU,TE,27,6,1,0,0,0,0,0,0,0,,0,34,21,215,10.24,3,0,0,3,,,40.0,60.5,63.5,50.0,5.0,9,59.0
60,Gabriel Davis,BUF,WR,24,7,7,0,0,0,0,0,1,-2,-2.0,0,35,22,347,15.77,4,1,1,4,,,57.0,78.5,82.5,67.5,4.0,22,60.0
61,Josh Reynolds,DET,WR,28,7,5,0,0,0,0,0,0,0,,0,30,21,384,18.29,3,0,0,3,,,56.0,77.4,80.4,66.9,4.0,23,61.0
62,Alexander Mattison,MIN,RB,25,7,7,0,0,0,0,0,90,359,3.99,0,31,20,107,5.35,2,1,1,2,,,57.0,76.6,83.6,66.6,4.0,20,62.0
63,CeeDee Lamb,DAL,WR,24,6,6,0,0,0,0,0,3,21,7.0,0,42,34,475,13.97,1,1,0,1,,,56.0,89.6,92.6,72.6,3.0,24,63.0
64,Sam Howell,WAS,QB,23,7,7,167,256,1749,9,7,21,119,5.67,1,0,0,0,,0,2,1,1,1.0,,110.0,109.9,123.9,116.9,3.0,11,64.0
65,Terry McLaurin,WAS,WR,28,7,7,0,0,0,0,0,0,0,,0,51,37,432,11.68,1,0,0,2,,,55.0,92.2,95.2,73.7,3.0,25,65.0
66,Tutu Atwell,LAR,WR,24,7,7,0,0,0,0,0,2,27,13.5,0,43,26,340,13.08,3,0,0,3,,,55.0,80.7,83.7,67.7,3.0,26,66.0
67,Rhamondre Stevenson,NWE,RB,25,7,7,0,0,0,0,0,87,268,3.08,2,30,23,162,7.04,0,0,0,2,,,55.0,78.0,84.0,66.5,2.0,21,67.0
68,Kendrick Bourne,NWE,WR,28,7,4,0,0,0,0,0,1,4,4.0,0,51,34,370,10.88,3,1,1,3,,,53.0,87.4,91.4,70.4,1.0,27,68.0
69,Chris Olave,NOR,WR,23,7,5,0,0,0,0,0,0,0,,0,68,39,471,12.08,1,0,0,1,,,53.0,92.1,95.1,72.6,1.0,28,69.0
70,Kyle Pitts,ATL,TE,23,7,5,0,0,0,0,0,1,-4,-4.0,0,42,25,298,11.92,1,0,0,1,,,35.0,60.4,63.4,47.9,1.0,10,70.0
71,Saquon Barkley,NYG,RB,26,4,4,0,0,0,0,0,74,284,3.84,1,20,16,87,5.44,2,1,1,3,,,53.0,69.1,73.1,61.1,,22,71.0
72,Joe Mixon,CIN,RB,27,6,6,0,0,0,0,0,96,366,3.81,1,21,16,104,6.5,0,0,0,1,,,53.0,69.0,75.0,61.0,,23,72.0
73,Jonnu Smith,ATL,TE,28,7,1,0,0,0,0,0,0,0,,0,35,28,309,11.04,1,1,1,1,,,35.0,62.9,66.9,48.9,,11,73.0
74,Josh Downs,IND,WR,22,7,5,0,0,0,0,0,0,0,,0,47,33,401,12.15,2,0,0,2,,,52.0,85.1,88.1,68.6,,29,74.0
75,Evan Engram,JAX,TE,29,7,6,0,0,0,0,0,0,0,,0,51,41,346,8.44,0,1,0,0,,,35.0,75.6,78.6,55.1,,12,75.0
76,Rashid Shaheed,NOR,WR,25,7,3,0,0,0,0,0,6,33,5.5,0,35,20,326,16.3,2,1,1,3,,,52.0,71.9,75.9,61.9,,30,76.0
77,Tyler Allgeier,ATL,RB,23,7,2,0,0,0,0,0,96,301,3.14,2,13,9,85,9.44,0,0,0,2,1.0,,53.0,61.6,64.6,57.1,,24,77.0
78,Trevor Lawrence,JAX,QB,24,7,7,161,239,1643,8,3,41,206,5.02,0,0,0,0,,0,6,3,0,,,106.0,106.3,118.3,109.3,,12,78.0
79,Justin Fields,CHI,QB,24,6,6,100,162,1201,11,6,47,237,5.04,1,0,0,0,,0,4,2,1,,,106.0,105.7,119.7,111.7,,13,
80,Jordan Love,GNB,QB,25,6,6,111,193,1263,10,7,21,130,6.19,2,0,0,0,,0,2,0,2,,2.0,106.0,105.5,118.5,112.5,,14,
81,Joshua Dobbs,ARI,QB,28,7,7,142,229,1361,6,3,41,232,5.66,2,0,0,0,,0,6,4,2,1.0,,102.0,101.6,114.6,104.6,,16,
82,C.J. Stroud,HOU,QB,22,6,6,127,213,1660,9,1,18,55,3.06,0,1,1,0,0.0,0,3,2,0,,,102.0,102.9,108.9,103.4,,15,
83,Matthew Stafford,LAR,QB,35,7,7,153,256,1908,7,6,12,59,4.92,0,0,0,0,,0,0,0,0,,1.0,100.0,100.2,109.2,106.2,,17,
84,Desmond Ridder,ATL,QB,24,7,7,149,228,1630,6,6,26,113,4.35,3,1,1,-6,-6.0,0,6,5,3,,1.0,98.0,98.9,115.9,104.4,,18,
85,Baker Mayfield,TAM,QB,28,6,6,133,204,1363,8,4,28,99,3.54,0,0,0,0,,0,2,0,0,,1.0,90.0,90.4,97.4,94.4,,19,
86,Dak Prescott,DAL,QB,30,6,6,132,190,1333,6,4,19,85,4.47,1,0,0,0,,0,0,0,1,,,84.0,83.8,90.8,87.8,,20,
87,Derek Carr,NOR,QB,32,7,7,163,255,1600,6,4,14,21,1.5,0,0,0,0,,0,2,1,0,,1.0,82.0,82.1,90.1,86.1,,21,
88,Geno Smith,SEA,QB,33,6,6,129,188,1391,7,4,18,52,2.89,0,1,1,-2,-2.0,0,1,1,0,,1.0,81.0,81.6,89.6,85.1,,22,
89,Mac Jones,NWE,QB,25,7,7,154,231,1480,7,7,19,70,3.68,0,0,0,0,,0,2,2,0,,,76.0,76.2,88.2,83.2,,23,
90,Anthony Richardson,IND,QB,21,4,4,50,84,577,3,1,25,136,5.44,4,0,0,0,,0,3,1,4,,2.0,73.0,72.7,80.7,73.7,,24,
91,Joe Burrow,CIN,QB,27,6,6,147,232,1230,7,4,14,14,1.0,0,0,0,0,,0,1,1,0,,,69.0,68.6,76.6,72.6,,26,
92,Kenny Pickett,PIT,QB,25,6,6,112,184,1257,5,4,24,12,0.5,1,0,0,0,,0,0,0,1,,,69.0,69.5,76.5,73.5,,25,
93,Gardner Minshew II,IND,QB,27,7,3,105,161,1187,5,4,9,37,4.11,2,0,0,0,,0,5,4,2,,,67.0,67.2,78.2,71.2,,27,
94,Zach Wilson,NYJ,QB,24,6,5,110,182,1097,4,5,19,98,5.16,0,0,0,0,,0,3,1,0,1.0,1.0,62.0,61.7,70.7,66.7,,28,
95,Jimmy Garoppolo,LVR,QB,32,5,5,100,147,1079,7,8,18,27,1.5,0,0,0,0,,0,1,0,0,,1.0,60.0,59.9,70.9,67.9,,29,
96,Bryce Young,CAR,QB,22,5,5,115,182,967,6,4,8,65,8.13,0,0,0,0,,0,4,2,0,,1.0,59.0,59.2,68.2,63.2,,30,
97,Daniel Jones,NYG,QB,26,5,5,104,151,884,2,6,38,197,5.18,1,0,0,0,,0,4,1,1,,,55.0,55.1,68.1,61.1,,31,
98,Alvin Kamara,NOR,RB,28,4,4,0,0,0,0,0,69,261,3.78,1,39,35,177,5.06,0,0,0,1,1.0,,52.0,86.8,92.8,69.3,,25,
99,Deebo Samuel,SFO,WR,27,6,6,0,0,0,0,0,18,95,5.28,1,32,20,302,15.1,1,1,0,2,,,52.0,71.7,74.7,61.7,,31,
100,Deshaun Watson,CLE,QB,28,4,4,66,107,683,4,3,15,83,5.53,1,0,0,0,,0,4,2,1,2.0,,52.0,51.6,59.6,54.6,,32,
101,James Conner,ARI,RB,28,5,5,0,0,0,0,0,68,364,5.35,2,10,8,30,3.75,0,0,0,2,,,51.0,59.4,62.4,55.4,,26,
102,Zay Flowers,BAL,WR,23,7,7,0,0,0,0,0,6,12,2.0,0,54,39,442,11.33,1,0,0,1,,,51.0,90.4,93.4,70.9,,32,
103,Drake London,ATL,WR,22,7,7,1,1,22,0,0,0,0,,0,50,32,383,11.97,2,0,0,2,,,51.0,83.2,86.2,67.2,,33,
104,Curtis Samuel,WAS,WR,27,7,4,0,0,0,0,0,4,20,5.0,1,39,31,310,10.0,2,0,0,3,,,51.0,82.0,85.0,66.5,,34,
105,Ryan Tannehill,TEN,QB,35,6,6,98,158,1128,2,6,12,40,3.33,1,0,0,0,,0,3,0,1,,,51.0,51.1,60.1,57.1,,33,
106,Romeo Doubs,GNB,WR,23,6,5,0,0,0,0,0,0,0,,0,42,23,258,11.22,4,0,0,4,,,50.0,72.8,75.8,61.3,,36,
107,Calvin Ridley,JAX,WR,29,7,7,0,0,0,0,0,4,10,2.5,0,48,27,368,13.63,2,1,0,2,,,50.0,76.8,79.8,63.3,,37,
108,DeVonta Smith,PHI,WR,25,7,7,0,0,0,0,0,0,0,,0,50,32,383,11.97,2,0,0,2,,,50.0,82.3,85.3,66.3,,35,
109,Garrett Wilson,NYJ,WR,23,6,6,0,0,0,0,0,0,0,,0,55,32,369,11.53,2,0,0,2,,,49.0,80.9,83.9,64.9,,38,
110,Rashee Rice,KAN,WR,23,7,1,0,0,0,0,0,1,-3,-3.0,0,34,26,305,11.73,3,0,0,3,,,48.0,74.2,77.2,61.2,,39,
111,Jaylen Waddle,MIA,WR,25,6,6,0,0,0,0,0,1,-2,-2.0,0,41,30,359,11.97,2,0,0,2,,,48.0,77.7,80.7,62.7,,40,
112,Jaleel McLaughlin,DEN,RB,23,7,1,0,0,0,0,0,34,235,6.91,1,12,10,59,5.9,2,0,0,3,,,47.0,57.4,60.4,52.4,,27,
113,Rachaad White,TAM,RB,24,6,6,0,0,0,0,0,83,266,3.2,1,23,22,163,7.41,0,1,1,1,,,47.0,68.9,75.9,57.9,,28,
114,D.K. Metcalf,SEA,WR,26,5,5,0,0,0,0,0,0,0,,0,32,22,337,15.32,2,0,0,2,,,46.0,67.7,70.7,56.7,,42,
115,Michael Wilson,ARI,WR,23,7,6,0,0,0,0,0,0,0,,0,27,21,343,16.33,2,0,0,2,,,46.0,67.3,70.3,56.8,,41,
116,Amari Cooper,CLE,WR,29,6,6,0,0,0,0,0,0,0,,0,47,24,389,16.21,1,1,0,1,,,45.0,68.9,71.9,56.9,,44,
117,Tank Dell,HOU,WR,24,5,3,0,0,0,0,0,4,9,2.25,0,28,19,324,17.05,2,1,0,2,,,45.0,64.3,67.3,54.8,,43,
118,Jahmyr Gibbs,DET,RB,21,5,2,0,0,0,0,0,50,247,4.94,1,28,23,128,5.57,0,0,0,1,,,44.0,66.5,72.5,55.0,,29,
119,Tyler Lockett,SEA,WR,31,6,6,0,0,0,0,0,0,0,,0,40,27,289,10.7,2,0,0,2,1.0,,43.0,69.9,72.9,56.4,,46,
120,Dameon Pierce,HOU,RB,23,6,6,0,0,0,0,0,97,281,2.9,1,12,9,84,9.33,0,0,0,1,,,43.0,51.5,54.5,47.0,,30,
121,Jayden Reed,GNB,WR,23,6,5,0,0,0,0,0,1,-2,-2.0,0,31,16,231,14.44,3,1,0,3,1.0,,43.0,58.9,61.9,50.9,,47,
122,Michael Thomas,NOR,WR,30,7,5,0,0,0,0,0,0,0,,0,54,34,371,10.91,1,0,0,1,,,43.0,77.1,80.1,60.1,,45,
123,Chris Godwin,TAM,WR,27,6,6,0,1,0,0,0,0,0,,0,49,33,398,12.06,0,0,0,0,1.0,,42.0,74.8,77.8,58.3,,48,
124,Khalil Herbert,CHI,RB,25,5,5,0,0,0,0,0,51,272,5.33,0,18,10,83,8.3,1,1,1,1,1.0,,42.0,51.5,55.5,46.5,,31,
125,Najee Harris,PIT,RB,25,6,6,0,0,0,0,0,77,300,3.9,1,12,8,52,6.5,0,1,0,1,,,41.0,49.2,52.2,45.2,,32,
126,Joshua Kelley,LAC,RB,26,6,3,0,0,0,0,0,65,284,4.37,2,5,2,7,3.5,0,0,0,2,,,41.0,43.1,46.1,42.1,,33,
127,D'Onta Foreman,CHI,RB,27,3,2,0,0,0,0,0,36,170,4.72,2,9,6,41,6.83,1,1,0,3,,,39.0,45.1,48.1,42.1,,34,
128,Josh Palmer,LAC,WR,24,6,3,0,0,0,0,0,0,0,,0,35,20,353,17.65,1,1,1,1,,,39.0,59.3,63.3,49.3,,49,
129,Ezekiel Elliott,NWE,RB,28,7,0,0,0,0,0,0,60,224,3.73,2,17,13,59,4.54,0,1,1,2,,,38.0,51.3,55.3,44.8,,35,
130,Justice Hill,BAL,RB,26,6,3,0,0,0,0,0,41,196,4.78,3,11,11,27,2.45,0,1,1,3,,,38.0,49.3,53.3,43.8,,36,
131,DeAndre Hopkins,TEN,WR,31,6,6,0,0,0,0,0,0,0,,0,47,27,376,13.93,0,0,0,0,,,38.0,64.6,67.6,51.1,,51,
132,Cooper Kupp,LAR,WR,30,3,3,0,0,0,0,0,0,0,,0,28,17,295,17.35,1,0,0,1,1.0,,38.0,54.5,57.5,46.0,,52,
133,K.J. Osborn,MIN,WR,26,7,6,0,0,0,0,0,0,0,,0,37,22,261,11.86,2,0,0,2,,,38.0,60.1,63.1,49.1,,50,
134,Jaylen Warren,PIT,RB,25,6,0,0,0,0,0,0,40,156,3.9,1,27,22,165,7.5,0,1,0,1,,,38.0,60.1,66.1,49.1,,37,
135,AJ Dillon,GNB,RB,25,6,3,0,0,0,0,0,79,255,3.23,1,8,5,59,11.8,0,0,0,1,,,37.0,42.4,45.4,39.9,,38,
136,Tyrod Taylor,NYG,QB,34,6,2,53,80,571,2,0,17,65,3.82,0,0,0,0,,0,1,0,0,,,37.0,37.3,40.3,37.3,,34,
137,Chuba Hubbard,CAR,RB,24,6,1,0,0,0,0,0,54,242,4.48,1,15,13,59,4.54,0,0,0,1,,,36.0,49.1,52.1,42.6,,39,
138,Javonte Williams,DEN,RB,23,6,5,0,0,0,0,0,63,272,4.32,0,19,14,65,4.64,0,0,0,0,1.0,,36.0,49.7,52.7,42.7,,40,
139,Marvin Mims,DEN,WR,21,7,2,0,0,0,0,0,4,2,0.5,0,13,10,246,24.6,1,1,1,2,,,35.0,44.8,48.8,39.8,,53,
140,Nelson Agholor,BAL,WR,30,7,2,0,0,0,0,0,0,0,,0,21,17,222,13.06,2,1,0,2,,,34.0,51.2,54.2,42.7,,54,
141,Tyjae Spears,TEN,RB,22,6,0,0,0,0,0,0,31,171,5.52,1,20,15,111,7.4,0,0,0,1,,,34.0,49.2,55.2,41.7,,41,
142,Logan Thomas,WAS,TE,32,6,6,0,0,0,0,0,1,2,2.0,0,32,23,236,10.26,2,1,1,2,,,34.0,56.8,60.8,45.3,,13,
143,Austin Ekeler,LAC,RB,28,3,3,0,0,0,0,0,44,189,4.3,1,13,9,83,9.22,0,0,0,1,,,33.0,42.2,45.2,37.7,,42,
144,Hunter Henry,NWE,TE,29,7,6,0,0,0,0,0,0,0,,0,31,20,210,10.5,2,0,0,2,,,33.0,53.0,56.0,43.0,,14,
145,Taysom Hill,NOR,TE,33,7,4,3,3,25,0,0,29,140,4.83,1,19,15,115,7.67,0,0,0,1,,,33.0,47.5,53.5,40.0,,15,
146,Kareem Hunt,CLE,RB,28,4,1,0,0,0,0,0,32,103,3.22,3,7,5,46,9.2,0,0,0,3,,,33.0,37.9,40.9,35.4,,43,
147,Latavius Murray,BUF,RB,33,7,2,0,0,0,0,0,35,136,3.89,2,10,9,69,7.67,0,0,0,2,,,33.0,41.5,44.5,37.0,,44,
148,DJ Chark,CAR,WR,27,5,3,0,0,0,0,0,0,0,,0,27,13,197,15.15,2,0,0,2,,,32.0,44.7,47.7,38.2,,56,
149,Aaron Jones,GNB,RB,29,3,3,0,0,0,0,0,22,94,4.27,1,11,6,104,17.33,1,0,0,2,,,32.0,37.8,40.8,34.8,,45,
150,Kalif Raymond,DET,WR,29,7,3,0,0,0,0,0,3,54,18.0,0,19,16,207,12.94,1,0,0,1,,,32.0,48.1,51.1,40.1,,55,
151,Rondale Moore,ARI,WR,23,7,2,0,0,0,0,0,15,136,9.07,1,28,17,113,6.65,0,0,0,1,,,31.0,47.9,53.9,39.4,,58,
152,Mike Williams,LAC,WR,29,3,3,0,0,0,0,0,1,3,3.0,0,26,19,249,13.11,1,0,0,1,,,31.0,50.2,53.2,40.7,,57,
153,Brandon Johnson,DEN,WR,25,7,2,0,0,0,0,0,0,0,,0,13,8,122,15.25,3,0,0,3,,,30.0,38.2,41.2,34.2,,59,
154,Jerry Jeudy,DEN,WR,24,6,5,0,0,0,0,0,0,0,,0,34,25,286,11.44,0,1,0,0,,,29.0,53.6,56.6,41.1,,62,
155,Miles Sanders,CAR,RB,26,5,5,0,0,0,0,0,61,190,3.11,1,24,15,81,5.4,0,2,2,1,,,29.0,44.1,49.1,36.6,,46,
156,Nick Westbrook-Ikhine,TEN,WR,26,6,4,0,0,0,0,0,0,0,,0,23,16,168,10.5,2,0,0,2,,,29.0,44.8,47.8,36.8,,60,
157,Robert Woods,HOU,WR,31,6,6,0,0,0,0,0,0,0,,0,43,22,227,10.32,1,0,0,1,,,29.0,50.7,53.7,39.7,,61,
158,Kenneth Gainwell,PHI,RB,24,6,1,0,0,0,0,0,49,157,3.2,1,12,9,43,4.78,0,1,0,1,1.0,,28.0,37.0,40.0,32.5,,47,
159,Jonathan Taylor,IND,RB,24,3,1,0,0,0,0,0,32,112,3.5,1,11,9,107,11.89,0,0,0,1,,,28.0,36.9,42.9,32.4,,48,
160,Gerald Everett,LAC,TE,29,6,5,0,0,0,0,0,2,4,2.0,0,23,19,149,7.84,2,1,0,2,,,27.0,46.3,49.3,36.8,,16,
161,Tee Higgins,CIN,WR,24,5,4,0,0,0,0,0,0,0,,0,36,14,149,10.64,2,0,0,2,,,27.0,40.9,43.9,33.9,,64,
162,Allen Lazard,NYJ,WR,28,6,6,0,0,0,0,0,0,0,,0,23,14,210,15.0,1,0,0,1,,,27.0,41.0,44.0,34.0,,63,
163,Samaje Perine,DEN,RB,28,7,1,0,0,0,0,0,26,98,3.77,0,23,20,215,10.75,0,2,2,0,,,27.0,47.3,52.3,37.3,,49,
164,Braxton Berrios,MIA,WR,28,7,1,0,0,0,0,0,1,11,11.0,0,22,18,186,10.33,1,0,0,1,,,26.0,43.7,46.7,34.7,,68,
165,Tyler Boyd,CIN,WR,29,6,6,0,0,0,0,0,0,0,,0,41,30,204,6.8,1,0,0,1,,,26.0,56.4,59.4,41.4,,65,
166,Jerick McKinnon,KAN,RB,31,7,0,0,0,0,0,0,9,23,2.56,0,19,14,115,8.21,2,0,0,2,,,26.0,39.8,42.8,32.8,,50,
167,Darius Slayton,NYG,WR,26,7,4,0,0,0,0,0,0,0,,0,32,18,258,14.33,0,0,0,0,,,26.0,43.8,46.8,34.8,,67,
168,Marquez Valdes-Scantling,KAN,WR,29,7,7,0,0,0,0,0,0,0,,0,17,10,200,20.0,1,0,0,1,,,26.0,36.0,39.0,31.0,,66,
169,Zach Ertz,ARI,TE,33,7,7,0,0,0,0,0,0,0,,0,43,27,187,6.93,1,0,0,1,,,25.0,51.7,54.7,38.2,,18,
170,Jake Ferguson,DAL,TE,24,6,5,0,0,0,0,0,0,0,,0,29,21,190,9.05,1,0,0,1,,,25.0,46.0,49.0,35.5,,17,
171,Antonio Gibson,WAS,RB,25,7,0,0,0,0,0,0,18,76,4.22,0,19,15,157,10.47,1,3,2,1,,,25.0,40.3,45.3,32.8,,51,
172,Jordan Mason,SFO,RB,24,7,0,0,0,0,0,0,21,117,5.57,2,2,1,13,13.0,0,0,0,2,,,25.0,26.0,29.0,25.5,,52,
173,Darnell Mooney,CHI,WR,26,7,7,0,0,0,0,0,1,2,2.0,0,23,14,184,13.14,1,0,0,1,,,25.0,38.6,41.6,31.6,,69,
174,Andy Dalton,CAR,QB,36,3,1,34,58,361,2,0,3,12,4.0,0,0,0,0,,0,0,0,0,,,24.0,23.6,26.6,23.6,,35,
175,Emari Demercado,ARI,RB,24,7,1,0,0,0,0,0,29,117,4.03,1,15,11,63,5.73,0,0,0,1,,,24.0,35.0,38.0,29.5,,53,
176,Jahan Dotson,WAS,WR,23,7,7,0,0,0,0,0,0,0,,0,39,22,183,8.32,1,0,0,1,,,24.0,46.3,49.3,35.3,,70,
177,Tyler Higbee,LAR,TE,30,7,7,0,0,0,0,0,0,0,,0,35,21,241,11.48,0,0,0,0,,,24.0,45.1,48.1,34.6,,19,
178,Roschon Johnson,CHI,RB,22,5,0,0,0,0,0,0,25,122,4.88,1,12,11,58,5.27,0,0,0,1,,,24.0,35.0,38.0,29.5,,54,
179,Skyy Moore,KAN,WR,23,7,6,0,0,0,0,0,3,23,7.67,0,24,13,160,12.31,1,0,0,1,,,24.0,37.3,40.3,30.8,,71,
180,Donald Parham,LAC,TE,26,6,4,0,0,0,0,0,0,0,,0,14,9,61,6.78,3,0,0,3,,,24.0,33.1,33.1,28.6,,20,
181,KaVontae Turpin,DAL,WR,27,6,0,0,0,0,0,0,6,66,11.0,1,6,5,51,10.2,1,1,0,2,,,24.0,28.7,28.7,26.2,,72,
182,Cam Akers,2TM,RB,24,5,1,0,0,0,0,0,43,123,2.86,1,8,7,51,7.29,0,0,0,1,,,23.0,30.4,33.4,26.9,,55,
183,Jake Bobo,SEA,WR,25,6,0,0,0,0,0,0,0,0,,0,11,8,112,14.0,2,0,0,2,,,23.0,31.2,34.2,27.2,,74,
184,Tyler Conklin,NYJ,TE,28,6,5,0,0,0,0,0,0,0,,0,27,20,227,11.35,0,0,0,0,,,23.0,42.7,45.7,32.7,,22,
185,Kylen Granson,IND,TE,25,6,2,0,0,0,0,0,0,0,,0,26,16,170,10.63,1,0,0,1,,,23.0,39.0,42.0,31.0,,21,
186,Jaxon Smith-Njigba,SEA,WR,21,6,1,0,0,0,0,0,0,0,,0,32,20,173,8.65,1,0,0,1,,,23.0,43.3,46.3,33.3,,73,
187,Rico Dowdle,DAL,RB,25,6,0,0,0,0,0,0,28,107,3.82,0,6,5,50,10.0,1,0,0,1,,,22.0,26.7,29.7,24.2,,57,
188,Noah Gray,KAN,TE,24,7,4,0,0,0,0,0,1,1,1.0,0,18,13,155,11.92,1,0,0,1,,,22.0,34.6,37.6,28.1,,23,
189,Elijah Moore,CLE,WR,23,6,3,0,0,0,0,0,8,11,1.38,0,43,25,226,9.04,0,1,1,0,,,22.0,46.7,50.7,34.2,,75,
190,Devin Singletary,HOU,RB,26,6,0,1,1,6,1,0,39,153,3.92,0,7,5,29,5.8,0,0,0,0,,,22.0,27.4,30.4,24.9,,56,
191,Calvin Austin,PIT,WR,24,6,1,0,0,0,0,0,3,4,1.33,0,22,12,143,11.92,1,0,0,1,,,21.0,32.7,35.7,26.7,,77,
192,Matt Breida,NYG,RB,28,7,3,0,0,0,0,0,37,99,2.68,1,12,11,54,4.91,0,1,0,1,,,21.0,32.3,32.3,26.8,,58,
193,Mike Gesicki,NWE,TE,28,7,4,0,0,0,0,0,0,0,,0,22,17,149,8.76,1,0,0,1,,,21.0,37.9,40.9,29.4,,24,
194,Tony Jones,NOR,RB,26,4,1,0,0,0,0,0,21,70,3.33,2,6,4,21,5.25,0,0,0,2,,,21.0,25.1,25.1,23.1,,59,
195,Cade Otton,TAM,TE,24,6,6,0,0,0,0,0,0,0,,0,23,18,147,8.17,1,0,0,1,,,21.0,38.7,41.7,29.7,,25,
196,Trey Palmer,TAM,WR,22,6,0,0,0,0,0,0,0,0,,0,18,9,94,10.44,2,0,0,2,,,21.0,30.4,30.4,25.9,,76,
197,Pharaoh Brown,NWE,TE,29,7,3,0,0,0,0,0,0,0,,0,5,5,137,27.4,1,0,0,1,,,20.0,24.7,27.7,22.2,,26,
198,Demario Douglas,NWE,WR,23,6,1,0,0,0,0,0,2,25,12.5,0,23,14,197,14.07,0,1,1,0,,,20.0,34.2,38.2,27.2,,79,
199,Clyde Edwards-Helaire,KAN,RB,24,7,1,0,0,0,0,0,32,105,3.28,1,7,6,36,6.0,0,0,0,1,,,20.0,26.1,29.1,23.1,,60,
200,Michael Gallup,DAL,WR,27,6,6,0,0,0,0,0,0,0,,0,32,18,204,11.33,0,0,0,0,,,20.0,38.4,41.4,29.4,,78,
201,Jalin Hyatt,NYG,WR,22,7,1,0,0,0,0,0,0,0,,0,14,9,195,21.67,0,0,0,0,,,20.0,28.5,31.5,24.0,,84,
202,Zay Jones,JAX,WR,28,3,2,0,0,0,0,0,0,0,,0,18,8,78,9.75,2,0,0,2,,,20.0,27.8,27.8,23.8,,82,
203,David Njoku,CLE,TE,27,6,6,0,0,0,0,0,0,0,,0,31,24,216,9.0,0,1,1,0,,,20.0,43.6,47.6,31.6,,27,
204,Alec Pierce,IND,WR,23,7,7,0,0,0,0,0,0,0,,0,25,14,202,14.43,0,0,0,0,,,20.0,34.2,37.2,27.2,,80,
205,Craig Reynolds,DET,RB,27,7,0,0,0,0,0,0,27,105,3.89,1,4,4,35,8.75,0,0,0,1,,,20.0,24.0,27.0,22.0,,61,
206,Christian Watson,GNB,WR,24,3,3,0,0,0,0,0,1,-5,-5.0,0,16,8,143,17.88,1,0,0,1,,,20.0,27.8,30.8,23.8,,83,
207,Justin Watson,KAN,WR,27,6,2,0,0,0,0,0,0,0,,0,17,10,219,21.9,0,1,1,0,,,20.0,29.9,33.9,24.9,,81,
208,Tyson Bagent,CHI,QB,23,2,1,31,43,245,1,1,5,28,5.6,1,0,0,0,,0,1,1,1,,,19.0,18.6,20.6,19.6,,36,
209,Nick Chubb,CLE,RB,28,2,2,0,0,0,0,0,28,170,6.07,0,4,4,21,5.25,0,0,0,0,,,19.0,23.1,26.1,21.1,,62,
210,Brandin Cooks,DAL,WR,30,5,5,0,0,0,0,0,2,20,10.0,0,23,13,109,8.38,1,1,0,1,,,19.0,31.9,34.9,25.4,,85,
211,Noah Fant,SEA,TE,26,6,6,0,0,0,0,0,0,0,,0,13,12,194,16.17,0,0,0,0,,,19.0,31.4,34.4,25.4,,28,
212,Dalton Kincaid,BUF,TE,24,6,4,0,0,0,0,0,0,0,,0,27,25,193,7.72,0,0,0,0,,,19.0,44.3,47.3,31.8,,29,
213,Luke Musgrave,GNB,TE,23,6,5,0,0,0,0,0,0,0,,0,28,22,189,8.59,0,0,0,0,,,19.0,40.9,43.9,29.9,,30,
214,Deonte Harty,BUF,WR,26,7,1,0,0,0,0,0,3,2,0.67,0,16,13,113,8.69,1,1,0,1,,,18.0,30.5,33.5,24.0,,89,
215,Mack Hollins,ATL,WR,30,7,2,0,0,0,0,0,0,0,,0,23,12,184,15.33,0,0,0,0,,,18.0,30.4,33.4,24.4,,86,
216,Hayden Hurst,CAR,TE,30,6,5,0,0,0,0,0,0,0,,0,22,14,116,8.29,1,0,0,1,,,18.0,31.6,34.6,24.6,,32,
217,Jauan Jennings,SFO,WR,26,6,1,0,0,0,0,0,0,0,,0,21,12,181,15.08,0,0,0,0,,,18.0,30.1,33.1,24.1,,87,
218,Dawson Knox,BUF,TE,27,7,7,0,0,0,0,0,0,0,,0,28,15,102,6.8,1,0,0,1,1.0,,18.0,33.2,36.2,25.7,,31,
219,Dontayvion Wicks,GNB,WR,22,6,2,1,1,14,0,0,1,1,1.0,0,15,8,112,14.0,1,0,0,1,,,18.0,25.9,28.9,21.9,,88,
220,Pat Freiermuth,PIT,TE,25,4,4,0,0,0,0,0,0,0,,0,13,8,53,6.63,2,0,0,2,,,17.0,25.3,25.3,21.3,,33,
221,Damien Harris,BUF,RB,26,6,0,0,0,0,0,0,23,94,4.09,1,2,2,16,8.0,0,0,0,1,,,17.0,19.0,19.0,18.0,,63,
222,Trey McBride,ARI,TE,24,7,2,0,0,0,0,0,0,0,,0,21,15,170,11.33,0,0,0,0,,,17.0,32.0,35.0,24.5,,34,
223,Wan'Dale Robinson,NYG,WR,22,5,1,0,0,0,0,0,2,8,4.0,0,27,23,163,7.09,0,0,0,0,,,17.0,40.1,43.1,28.6,,90,
224,Odell Beckham Jr.,BAL,WR,31,5,3,0,0,0,0,0,0,0,,0,22,14,162,11.57,0,0,0,0,,,16.0,30.2,33.2,23.2,,92,
225,Isaiah Hodgins,NYG,WR,25,7,6,0,0,0,0,0,0,0,,0,18,12,120,10.0,1,1,1,1,,,16.0,28.0,32.0,22.0,,93,
226,Andrew Ogletree,IND,TE,25,6,4,0,0,0,0,0,0,0,,0,11,7,95,13.57,1,0,0,1,,,16.0,22.5,22.5,19.0,,35,
227,Pierre Strong,CLE,RB,25,6,0,0,0,0,0,0,21,102,4.86,1,1,0,0,,0,0,0,1,,,16.0,16.2,19.2,16.2,,64,
228,Kadarius Toney,KAN,WR,24,7,2,0,1,0,0,0,5,-2,-0.4,0,26,18,105,5.83,1,1,0,1,,,16.0,34.3,37.3,25.3,,91,
229,Salvon Ahmed,MIA,RB,25,5,0,0,0,0,0,0,14,50,3.57,1,13,7,39,5.57,0,0,0,1,,,15.0,21.9,21.9,18.4,,66,
230,Tank Bigsby,JAX,RB,22,7,0,0,0,0,0,0,20,45,2.25,2,3,1,6,6.0,0,1,1,2,,,15.0,16.1,17.1,15.6,,65,
231,Zach Charbonnet,SEA,RB,22,5,0,0,0,0,0,0,23,109,4.74,0,9,6,36,6.0,0,0,0,0,,,15.0,20.5,23.5,17.5,,67,
232,River Cracraft,MIA,WR,29,3,1,0,0,0,0,0,0,0,,0,8,6,87,14.5,1,0,0,1,,,15.0,20.7,20.7,17.7,,94,
233,Michael Mayer,LVR,TE,22,7,5,0,0,0,0,0,0,0,,0,15,10,129,12.9,0,0,0,0,1.0,,15.0,24.9,27.9,19.9,,37,
234,Foster Moreau,NOR,TE,26,5,4,0,0,0,0,0,0,0,,0,11,10,92,9.2,1,0,0,1,,,15.0,25.2,25.2,20.2,,36,
235,Aidan O'Connell,LVR,QB,25,2,1,34,52,313,1,2,3,3,1.0,1,0,0,0,,0,3,2,1,,,15.0,14.8,21.8,16.8,,37,
236,Dalvin Cook,NYJ,RB,28,6,0,0,0,0,0,0,39,109,2.79,0,9,9,46,5.11,0,1,1,0,,,14.0,22.5,26.5,18.0,,69,
237,Kendre Miller,NOR,RB,21,5,0,0,0,0,0,0,24,73,3.04,0,8,7,71,10.14,0,0,0,0,,,14.0,21.4,21.4,17.9,,68,
238,Chris Moore,TEN,WR,30,6,2,0,0,0,0,0,0,0,,0,9,5,140,28.0,0,1,0,0,,,14.0,19.0,22.0,16.5,,97,
239,DeVante Parker,NWE,WR,30,6,6,0,0,0,0,0,0,0,,0,23,14,144,10.29,0,0,0,0,,,14.0,28.4,31.4,21.4,,95,
240,Allen Robinson,PIT,WR,30,6,6,0,0,0,0,0,0,0,,0,27,18,144,8.0,0,0,0,0,,,14.0,32.4,35.4,23.4,,96,
241,Khalil Shakir,BUF,WR,23,7,2,0,0,0,0,0,0,0,,0,9,8,75,9.38,1,0,0,1,,,14.0,21.5,21.5,17.5,,99,
242,Deven Thompkins,TAM,WR,24,6,1,0,0,0,0,0,3,27,9.0,0,18,13,73,5.62,1,2,1,1,,,14.0,27.0,28.0,20.5,,98,
243,Robbie Chosen,MIA,WR,30,4,0,0,0,0,0,0,0,0,,0,2,1,68,68.0,1,0,0,1,,,13.0,13.8,13.8,13.3,,103,
244,Darrell Henderson,LAR,RB,26,1,1,0,0,0,0,0,18,61,3.39,1,2,1,5,5.0,0,0,0,1,,,13.0,13.6,13.6,13.1,,70,
245,Diontae Johnson,PIT,WR,27,3,2,0,0,0,0,0,0,0,,0,12,8,127,15.88,0,0,0,0,,,13.0,20.7,23.7,16.7,,104,
246,Jonathan Mingo,CAR,WR,22,5,5,0,0,0,0,0,0,0,,0,29,15,133,8.87,0,0,0,0,,,13.0,28.3,31.3,20.8,,101,
247,Colby Parkinson,SEA,TE,24,6,1,0,0,0,0,0,0,0,,0,17,11,132,12.0,0,0,0,0,,,13.0,24.2,27.2,18.7,,38,
248,Brandon Powell,MIN,WR,28,7,0,0,0,0,0,0,3,13,4.33,0,16,12,132,11.0,0,1,1,0,,,13.0,24.5,28.5,18.5,,105,
249,Adam Trautman,DEN,TE,26,7,5,0,0,0,0,0,0,0,,0,18,11,69,6.27,1,0,0,1,,,13.0,23.9,23.9,18.4,,39,
250,Tre Tucker,LVR,WR,22,6,0,0,0,0,0,0,4,56,14.0,0,7,4,73,18.25,0,0,0,0,,,13.0,16.9,16.9,14.9,,102,
251,Olamide Zaccheaus,PHI,WR,26,7,1,0,0,0,0,0,0,0,,0,8,4,74,18.5,1,0,0,1,,,13.0,17.4,17.4,15.4,,100,
252,Mo Alie-Cox,IND,TE,30,7,3,0,0,0,0,0,0,0,,0,6,4,61,15.25,1,0,0,1,,,12.0,16.1,16.1,14.1,,42,
253,Rashod Bateman,BAL,WR,24,6,3,0,0,0,0,0,0,0,,0,18,12,118,9.83,0,0,0,0,,,12.0,23.8,26.8,17.8,,106,
254,Van Jefferson,2TM,WR,27,7,4,0,0,0,0,0,1,4,4.0,0,19,9,113,12.56,0,0,0,0,,,12.0,20.7,23.7,16.2,,107,
255,Chigoziem Okonkwo,TEN,TE,24,6,4,0,0,0,0,0,0,0,,0,26,17,122,7.18,0,0,0,0,,,12.0,29.2,32.2,20.7,,41,
256,Durham Smythe,MIA,TE,28,7,6,0,0,0,0,0,0,0,,0,16,11,123,11.18,0,0,0,0,,,12.0,23.3,26.3,17.8,,40,
257,Jameson Williams,DET,WR,22,3,1,0,0,0,0,0,0,0,,0,12,4,55,13.75,1,0,0,1,,,12.0,15.5,15.5,13.5,,109,
258,Cedrick Wilson Jr.,MIA,WR,28,5,0,0,0,0,0,0,0,0,,0,9,7,116,16.57,0,0,0,0,,,12.0,18.6,21.6,15.1,,108,
259,Treylon Burks,TEN,WR,23,3,3,0,0,0,0,0,1,9,9.0,0,13,6,99,16.5,0,0,0,0,,,11.0,16.8,16.8,13.8,,113,
260,Chase Claypool,2TM,WR,25,4,2,0,0,0,0,0,0,0,,0,14,4,51,12.75,1,0,0,1,,,11.0,15.1,15.1,13.1,,111,
261,Derius Davis,LAC,WR,23,6,0,0,0,0,0,0,7,75,10.71,0,6,5,34,6.8,0,1,0,0,,,11.0,15.9,15.9,13.4,,112,
262,Brevin Jordan,HOU,TE,23,6,0,0,0,0,0,0,0,0,,0,5,5,51,10.2,1,0,0,1,,,11.0,16.1,16.1,13.6,,43,
263,Kyle Juszczyk,SFO,RB,32,7,6,0,0,0,0,0,3,6,2.0,0,6,6,39,6.5,1,0,0,1,,,11.0,16.5,16.5,13.5,,71,
264,Terrace Marshall Jr.,CAR,WR,23,5,2,0,0,0,0,0,0,0,,0,27,16,114,7.13,0,1,0,0,,,11.0,27.4,30.4,19.4,,110,
265,Josh Oliver,MIN,TE,26,7,6,0,0,0,0,0,0,0,,0,12,10,70,7.0,1,1,1,1,,,11.0,21.0,22.0,16.0,,44,
266,J.K. Dobbins,BAL,RB,25,1,1,0,0,0,0,0,8,22,2.75,1,3,2,15,7.5,0,0,0,1,,,10.0,11.7,11.7,10.7,,73,
267,Melvin Gordon,BAL,RB,30,2,0,0,0,0,0,0,13,53,4.08,0,3,3,46,15.33,0,0,0,0,,,10.0,12.9,12.9,11.4,,72,
268,Austin Hooper,LVR,TE,29,7,2,0,0,0,0,0,0,0,,0,11,10,99,9.9,0,0,0,0,,,10.0,19.9,19.9,14.9,,47,
269,Donovan Peoples-Jones,CLE,WR,24,6,4,0,0,0,0,0,0,0,,0,18,8,97,12.13,0,1,0,0,,,10.0,17.7,17.7,13.7,,115,
270,Laviska Shenault Jr.,CAR,WR,25,6,0,0,0,0,0,0,12,55,4.58,0,7,7,43,6.14,0,1,0,0,,,10.0,16.8,16.8,13.3,,114,
271,Tommy Tremble,CAR,TE,23,6,1,0,0,0,0,0,0,0,,0,4,4,41,10.25,1,0,0,1,,,10.0,14.1,14.1,12.1,,46,
272,Josh Whyle,TEN,TE,24,6,1,0,0,0,0,0,0,0,,0,4,4,44,11.0,1,0,0,1,,,10.0,14.4,14.4,12.4,,45,
273,Jamaal Williams,NOR,RB,28,3,2,0,0,0,0,0,32,88,2.75,0,2,2,7,3.5,0,1,0,0,,,10.0,11.5,11.5,10.5,,74,
274,Ronnie Bell,SFO,WR,23,7,0,0,0,0,0,0,0,0,,0,4,3,31,10.33,1,0,0,1,,,9.0,12.1,12.1,10.6,,116,
275,Chris Brooks,MIA,RB,23,6,0,0,0,0,0,0,15,94,6.27,0,0,0,0,,0,0,0,0,,,9.0,9.4,9.4,9.4,,75,
276,Dyami Brown,WAS,WR,24,7,1,0,0,0,0,0,0,0,,0,11,6,87,14.5,0,0,0,0,,,9.0,14.7,14.7,11.7,,117,
277,Parris Campbell,NYG,WR,26,7,3,0,0,0,0,0,0,0,,0,23,16,85,5.31,0,0,0,0,,,9.0,24.5,24.5,16.5,,120,
278,Ty Chandler,MIN,RB,25,7,0,0,0,0,0,0,8,42,5.25,0,6,5,43,8.6,0,0,0,0,,,9.0,13.5,13.5,11.0,,77,
279,Darrynton Evans,CHI,RB,25,2,0,0,0,0,0,0,23,80,3.48,0,4,2,8,4.0,0,0,0,0,,,9.0,10.8,10.8,9.8,,76,
280,Lil'Jordan Humphrey,DEN,WR,25,7,4,0,0,0,0,0,0,0,,0,5,4,26,6.5,1,0,0,1,,,9.0,12.6,12.6,10.6,,118,
281,Hunter Luepke,DAL,RB,23,6,0,0,0,0,0,0,3,13,4.33,1,1,1,12,12.0,0,0,0,1,,,9.0,9.5,9.5,9.0,,78,
282,JuJu Smith-Schuster,NWE,WR,27,5,3,0,0,0,0,0,0,0,,0,25,14,86,6.14,0,0,0,0,,,9.0,22.6,22.6,15.6,,119,
283,Brenton Strange,JAX,TE,23,7,1,0,0,0,0,0,0,0,,0,6,4,34,8.5,1,0,0,1,,,9.0,13.4,13.4,11.4,,48,
284,P.J. Walker,CLE,QB,28,2,1,33,66,370,0,3,6,4,0.67,0,0,0,0,,0,1,0,0,,,9.0,9.2,15.2,12.2,,38,
285,John Bates,WAS,TE,26,7,2,0,0,0,0,0,0,0,,0,11,8,83,10.38,0,0,0,0,,,8.0,16.3,16.3,12.3,,49,
286,Michael Carter,NYJ,RB,24,6,0,0,0,0,0,0,6,36,6.0,0,12,9,44,4.89,0,0,0,0,,,8.0,17.0,17.0,12.5,,79,
287,Xavier Gipson,NYJ,WR,22,6,0,0,0,0,0,0,3,31,10.33,0,1,1,4,4.0,0,3,1,1,,,8.0,8.5,9.5,8.0,,124,
288,Trenton Irwin,CIN,WR,28,5,2,0,0,0,0,0,0,0,,0,11,9,77,8.56,0,2,0,0,,,8.0,16.7,16.7,12.2,,123,
289,Quintin Morris,BUF,TE,24,6,0,0,0,0,0,0,0,0,,0,1,1,15,15.0,1,0,0,1,,,8.0,8.5,8.5,8.0,,52,
290,Ronnie Rivers,LAR,RB,24,6,0,0,0,0,0,0,13,57,4.38,0,4,4,18,4.5,0,0,0,0,,,8.0,11.5,11.5,9.5,,80,
291,Tyler Scott,CHI,WR,22,7,0,0,0,0,0,0,4,33,8.25,0,12,7,51,7.29,0,0,0,0,,,8.0,15.4,15.4,11.9,,121,
292,Samori Toure,GNB,WR,25,6,0,0,0,0,0,0,0,0,,0,11,5,62,12.4,0,0,0,0,1.0,,8.0,13.2,13.2,10.7,,122,
293,Cole Turner,WAS,TE,23,7,1,0,0,0,0,0,0,0,,0,12,8,82,10.25,0,0,0,0,,,8.0,16.2,16.2,12.2,,50,
294,C.J. Uzomah,NYJ,TE,30,6,4,0,0,0,0,0,0,0,,0,5,4,22,5.5,1,0,0,1,,,8.0,12.2,12.2,10.2,,51,
295,Jamal Agnew,JAX,WR,28,6,1,0,0,0,0,0,4,-2,-0.5,0,12,9,90,10.0,0,1,1,0,,,7.0,15.8,16.8,11.3,,129,
296,Gary Brightwell,NYG,RB,24,7,0,0,0,0,0,0,9,19,2.11,0,7,5,47,9.4,0,0,0,0,,,7.0,11.6,11.6,9.1,,83,
297,Harrison Bryant,CLE,TE,25,6,3,0,0,0,0,0,3,6,2.0,0,7,3,7,2.33,1,0,0,1,,,7.0,10.3,10.3,8.8,,53,
298,Royce Freeman,LAR,RB,27,4,0,0,0,0,0,0,12,66,5.5,0,0,0,0,,0,0,0,0,,,7.0,6.6,6.6,6.6,,84,
299,Jimmy Graham,NOR,TE,37,7,1,0,0,0,0,0,0,0,,0,2,1,8,8.0,1,0,0,1,,,7.0,7.8,7.8,7.3,,54,
300,Connor Heyward,PIT,TE,24,6,1,0,0,0,0,0,1,0,0.0,0,13,7,65,9.29,0,0,0,0,,,7.0,13.5,13.5,10.0,,55,
301,Keaontay Ingram,ARI,RB,24,5,1,0,0,0,0,0,22,55,2.5,0,3,3,19,6.33,0,0,0,0,,,7.0,10.4,10.4,8.9,,81,
302,Andrei Iosivas,CIN,WR,24,6,0,0,0,0,0,0,0,0,,0,3,2,12,6.0,1,0,0,1,,,7.0,9.2,9.2,8.2,,126,
303,Charlie Jones,CIN,WR,25,3,0,0,0,0,0,0,0,0,,0,2,1,6,6.0,0,0,0,1,,,7.0,7.6,7.6,7.1,,130,
304,Ray-Ray McCloud,SFO,WR,27,7,1,0,0,0,0,0,2,23,11.5,0,8,6,47,7.83,0,0,0,0,,,7.0,13.0,13.0,10.0,,128,
305,John Metchie,HOU,WR,23,5,0,0,0,0,0,0,0,0,,0,7,6,72,12.0,0,0,0,0,,,7.0,13.2,13.2,10.2,,127,
306,Cordarrelle Patterson,ATL,RB,32,4,0,0,0,0,0,0,11,56,5.09,0,2,2,13,6.5,0,0,0,0,,,7.0,8.9,8.9,7.9,,82,
307,Hunter Renfrow,LVR,WR,28,7,2,0,0,0,0,0,0,0,,0,12,8,73,9.13,0,0,0,0,,,7.0,15.3,15.3,11.3,,125,
308,Boston Scott,PHI,RB,28,6,0,0,0,0,0,0,8,45,5.63,0,2,2,21,10.5,0,0,0,0,,,7.0,8.6,8.6,7.6,,85,
309,Nick Bawden,NYJ,RB,27,6,1,0,0,0,0,0,1,1,1.0,1,0,0,0,,0,0,0,1,,,6.0,6.1,6.1,6.1,,87,
310,Andrew Beck,HOU,RB,27,6,6,0,0,0,0,0,2,2,1.0,0,1,0,0,,0,0,0,1,,,6.0,6.2,6.2,6.2,,86,
311,Blake Bell,KAN,TE,32,7,0,0,0,0,0,0,0,0,,0,4,3,19,6.33,1,1,1,1,,,6.0,8.9,9.9,7.4,,58,
312,Noah Brown,HOU,WR,27,2,0,0,0,0,0,0,1,-1,-1.0,0,9,5,57,11.4,0,0,0,0,,,6.0,10.6,10.6,8.1,,134,
313,Josiah Deguara,GNB,TE,26,6,3,0,0,0,0,0,0,0,,0,7,7,58,8.29,0,0,0,0,,,6.0,12.8,12.8,9.3,,59,
314,Will Dissly,SEA,TE,27,5,5,0,0,0,0,0,0,0,,0,6,6,56,9.33,0,0,0,0,,,6.0,11.6,11.6,8.6,,60,
315,KhaDarel Hodge,ATL,WR,28,7,2,0,0,0,0,0,1,0,0.0,0,6,5,64,12.8,0,1,0,0,,,6.0,11.4,11.4,8.9,,131,
316,Alec Ingold,MIA,RB,27,7,6,0,0,0,0,0,2,0,0.0,0,3,3,57,19.0,0,0,0,0,,,6.0,8.7,8.7,7.2,,92,
317,Juwan Johnson,NOR,TE,27,3,3,0,0,0,0,0,0,0,,0,12,7,61,8.71,0,0,0,0,,,6.0,13.1,13.1,9.6,,56,
318,Quentin Johnston,LAC,WR,22,6,2,0,0,0,0,0,0,0,,0,15,7,64,9.14,0,0,0,0,,,6.0,13.4,13.4,9.9,,132,
319,Scott Miller,ATL,WR,26,7,0,0,0,0,0,0,0,0,,0,5,4,60,15.0,0,0,0,0,,,6.0,10.0,10.0,8.0,,133,
320,Chris Rodriguez,WAS,RB,23,5,0,0,0,0,0,0,14,61,4.36,0,0,0,0,,0,0,0,0,,,6.0,6.1,6.1,6.1,,88,
321,Luke Schoonmaker,DAL,TE,25,6,0,0,0,0,0,0,0,0,,0,6,1,1,1.0,1,0,0,1,,,6.0,7.1,7.1,6.6,,57,
322,Patrick Taylor,GNB,RB,25,4,0,0,0,0,0,0,11,31,2.82,0,10,5,28,5.6,0,0,0,0,,,6.0,10.9,10.9,8.4,,90,
323,Deuce Vaughn,DAL,RB,22,5,0,0,0,0,0,0,20,40,2.0,0,5,5,19,3.8,0,0,0,0,,,6.0,10.9,10.9,8.4,,91,
324,Zamir White,LVR,RB,24,7,0,0,0,0,0,0,12,43,3.58,0,6,6,38,6.33,0,1,1,0,,,6.0,12.1,13.1,9.1,,89,
325,Ameer Abdullah,LVR,RB,30,7,0,0,0,0,0,0,1,4,4.0,0,11,6,46,7.67,0,0,0,0,,,5.0,11.0,11.0,8.0,,93,
326,Marquise Goodwin,CLE,WR,33,6,0,0,0,0,0,0,3,38,12.67,0,9,3,10,3.33,0,0,0,0,,,5.0,7.8,7.8,6.3,,137,
327,Brian Hoyer,LVR,QB,38,3,1,23,42,231,0,2,3,-3,-1.0,0,0,0,0,,0,0,0,0,,,5.0,4.9,6.9,6.9,,39,
328,Tanner Hudson,CIN,TE,29,2,0,0,0,0,0,0,0,0,,0,6,4,48,12.0,0,0,0,0,,,5.0,8.8,8.8,6.8,,62,
329,Will Mallory,IND,TE,24,3,0,0,0,0,0,0,0,0,,0,4,2,49,24.5,0,0,0,0,,,5.0,6.9,6.9,5.9,,61,
330,Isaiah McKenzie,IND,WR,28,7,0,0,0,0,0,0,2,11,5.5,0,7,5,39,7.8,0,1,0,0,,,5.0,10.0,10.0,7.5,,136,
331,Elijah Mitchell,SFO,RB,25,4,0,0,0,0,0,0,19,48,2.53,0,4,3,2,0.67,0,0,0,0,,,5.0,8.0,8.0,6.5,,94,
332,Byron Pringle,WAS,WR,30,7,0,0,0,0,0,0,0,0,,0,6,4,45,11.25,0,0,0,0,,,5.0,8.5,8.5,6.5,,138,
333,Patrick Ricard,BAL,RB,29,7,3,0,0,0,0,0,0,0,,0,4,4,48,12.0,0,0,0,0,,,5.0,8.8,8.8,6.8,,95,
334,Jalen Tolbert,DAL,WR,24,6,2,0,0,0,0,0,0,0,,0,9,7,71,10.14,0,1,1,0,,,5.0,12.1,13.1,8.6,,135,
335,Damien Williams,ARI,RB,31,2,0,0,0,0,0,0,9,38,4.22,0,1,1,8,8.0,0,0,0,0,,,5.0,5.6,5.6,5.1,,96,
336,Malik Willis,TEN,QB,24,2,0,4,5,74,0,0,3,17,5.67,0,0,0,0,,0,0,0,0,,,5.0,4.7,4.7,4.7,,40,
337,Randall Cobb,NYJ,WR,33,6,1,0,0,0,0,0,0,0,,0,12,3,20,6.67,0,0,0,0,1.0,,4.0,7.0,7.0,5.5,,140,
338,D'Ernest Johnson,JAX,RB,27,7,0,0,0,0,0,0,7,27,3.86,0,3,3,15,5.0,0,0,0,0,,,4.0,7.2,7.2,5.7,,98,
339,Drew Lock,SEA,QB,27,1,0,2,6,63,0,0,1,11,11.0,0,0,0,0,,0,0,0,0,,,4.0,3.6,3.6,3.6,,42,
340,MyCole Pruitt,ATL,TE,31,7,5,0,0,0,0,0,0,0,,0,5,3,41,13.67,0,0,0,0,,,4.0,7.1,7.1,5.6,,63,
341,Jeremy Ruckert,NYJ,TE,23,6,1,0,0,0,0,0,0,0,,0,4,4,36,9.0,0,0,0,0,,,4.0,7.6,7.6,5.6,,66,
342,Trent Sherfield,BUF,WR,27,7,0,0,0,0,0,0,0,0,,0,8,6,44,7.33,0,0,0,0,,,4.0,10.4,10.4,7.4,,139,
343,Isaiah Spiller,LAC,RB,22,4,0,0,0,0,0,0,9,24,2.67,0,2,2,15,7.5,0,0,0,0,,,4.0,5.9,5.9,4.9,,99,
344,Ian Thomas,CAR,TE,27,5,2,0,0,0,0,0,0,0,,0,4,2,36,18.0,0,0,0,0,,,4.0,5.6,5.6,4.6,,67,
345,Robert Tonyan,CHI,TE,29,7,3,0,0,0,0,0,0,0,,0,7,5,39,7.8,0,0,0,0,,,4.0,8.9,8.9,6.4,,65,
346,Ke'Shawn Vaughn,TAM,RB,26,4,0,0,0,0,0,0,19,32,1.68,0,4,1,3,3.0,0,0,0,0,,,4.0,4.5,4.5,4.0,,100,
347,Mike White,MIA,QB,28,2,0,2,3,67,1,1,4,-5,-1.25,0,0,0,0,,0,0,0,0,,,4.0,4.2,5.2,5.2,,41,
348,Emanuel Wilson,GNB,RB,24,4,0,0,0,0,0,0,7,30,4.29,0,3,3,14,4.67,0,1,0,0,,,4.0,7.4,7.4,5.9,,97,
349,Brock Wright,DET,TE,25,7,3,0,0,0,0,0,0,0,,0,6,6,40,6.67,0,0,0,0,,,4.0,10.0,10.0,7.0,,64,
350,David Bell,CLE,WR,23,6,0,0,0,0,0,0,0,0,,0,7,4,33,8.25,0,0,0,0,,,3.0,7.3,7.3,5.3,,142,
351,Khari Blasingame,CHI,RB,27,7,1,0,0,0,0,0,8,26,3.25,0,3,2,5,2.5,0,0,0,0,,,3.0,5.1,5.1,4.1,,103,
352,Mike Boone,HOU,RB,28,5,0,0,0,0,0,0,2,15,7.5,0,4,3,18,6.0,0,1,0,0,,,3.0,6.3,6.3,4.8,,101,
353,Michael Burton,DEN,RB,31,7,1,0,0,0,0,0,4,3,0.75,0,1,1,3,3.0,0,0,0,0,1.0,,3.0,3.6,3.6,3.1,,108,
354,Greg Dulcich,DEN,TE,23,2,1,0,0,0,0,0,0,0,,0,4,3,25,8.33,0,0,0,0,,,3.0,5.5,5.5,4.0,,75,
355,Luke Farrell,JAX,TE,26,7,3,0,0,0,0,0,0,0,,0,4,4,30,7.5,0,0,0,0,,,3.0,7.0,7.0,5.0,,72,
356,Eric Gray,NYG,RB,24,7,0,0,0,0,0,0,13,27,2.08,0,1,1,1,1.0,0,3,0,0,,,3.0,3.8,3.8,3.3,,104,
357,Brycen Hopkins,LAR,TE,26,7,0,0,0,0,0,0,0,0,,0,4,3,31,10.33,0,0,0,0,,,3.0,6.1,6.1,4.6,,71,
358,Tim Jones,JAX,WR,25,7,1,0,0,0,0,0,0,0,,0,7,5,27,5.4,0,0,0,0,,,3.0,7.7,7.7,5.2,,144,
359,Velus Jones Jr.,CHI,WR,26,6,0,0,0,0,0,0,4,22,5.5,0,2,2,5,2.5,0,0,0,0,,,3.0,4.7,4.7,3.7,,145,
360,Isaiah Likely,BAL,TE,23,7,4,0,0,0,0,0,0,0,,0,4,3,32,10.67,0,0,0,0,,,3.0,6.2,6.2,4.7,,69,
361,Ty Montgomery,NWE,WR,30,7,0,0,0,0,0,0,2,7,3.5,0,9,4,23,5.75,0,0,0,0,,,3.0,7.0,7.0,5.0,,143,
362,Teagan Quitoriano,HOU,TE,23,6,5,0,0,0,0,0,0,0,,0,3,2,33,16.5,0,0,0,0,,,3.0,5.3,5.3,4.3,,68,
363,Justyn Ross,KAN,WR,24,7,0,0,0,0,0,0,0,0,,0,6,3,34,11.33,0,0,0,0,,,3.0,6.4,6.4,4.9,,141,
364,Trey Sermon,IND,RB,24,5,0,0,0,0,0,0,8,24,3.0,0,3,1,4,4.0,0,0,0,0,,,3.0,3.8,3.8,3.3,,105,
365,Stone Smartt,LAC,TE,25,6,1,0,0,0,0,0,0,0,,0,3,2,29,14.5,0,0,0,0,,,3.0,4.9,4.9,3.9,,74,
366,Irv Smith Jr.,CIN,TE,25,4,4,0,0,0,0,0,0,0,,0,11,6,32,5.33,0,0,0,0,,,3.0,9.2,9.2,6.2,,70,
367,Keith Smith,ATL,RB,31,7,4,0,0,0,0,0,0,0,,0,2,2,27,13.5,0,0,0,0,,,3.0,4.7,4.7,3.7,,106,
368,Geoff Swaim,ARI,TE,30,7,3,0,0,0,0,0,0,0,,0,4,3,30,10.0,0,0,0,0,,,3.0,6.0,6.0,4.5,,73,
369,Sean Tucker,TAM,RB,22,6,0,0,0,0,0,0,15,23,1.53,0,2,2,9,4.5,0,0,0,0,,,3.0,5.2,5.2,4.2,,102,
370,Trayveon Williams,CIN,RB,26,6,0,0,0,0,0,0,5,20,4.0,0,6,4,7,1.75,0,0,0,0,,,3.0,6.7,6.7,4.7,,107,
371,Bailey Zappe,NWE,QB,24,2,0,7,18,79,0,0,0,0,,0,0,0,0,,0,0,0,0,,,3.0,3.2,3.2,3.2,,43,
372,Nate Adkins,DEN,TE,24,5,0,0,0,0,0,0,0,0,,0,5,4,22,5.5,0,0,0,0,,,2.0,6.2,6.2,4.2,,77,
373,Jordan Akins,CLE,TE,31,6,2,0,0,0,0,0,0,0,,0,6,3,20,6.67,0,0,0,0,,,2.0,5.0,5.0,3.5,,80,
374,Daniel Bellinger,NYG,TE,23,7,5,0,0,0,0,0,0,0,,0,4,4,22,5.5,0,0,0,0,,,2.0,6.2,6.2,4.2,,78,
375,Raheem Blackshear,CAR,RB,24,2,0,0,0,0,0,0,5,18,3.6,0,1,1,4,4.0,0,0,0,0,,,2.0,3.2,3.2,2.7,,109,
376,Lawrence Cager,NYG,TE,26,5,0,0,0,0,0,0,0,0,,0,2,2,17,8.5,0,0,0,0,,,2.0,3.7,3.7,2.7,,81,
377,DeAndre Carter,LVR,WR,30,7,1,0,0,0,0,0,2,3,1.5,0,5,2,21,10.5,0,1,0,0,,,2.0,4.4,4.4,3.4,,146,
378,Jamison Crowder,WAS,WR,30,7,0,0,0,0,0,0,0,0,,0,2,2,21,10.5,0,1,0,0,,,2.0,4.1,4.1,3.1,,151,
379,Tyrion Davis-Price,SFO,RB,23,1,0,0,0,0,0,0,6,21,3.5,0,0,0,0,,0,0,0,0,,,2.0,2.1,2.1,2.1,,111,
380,Elijah Dotson,LAC,RB,24,4,0,0,0,0,0,0,4,6,1.5,0,2,2,13,6.5,0,0,0,0,,,2.0,3.9,3.9,2.9,,114,
381,Devin Duvernay,BAL,WR,26,7,1,0,0,0,0,0,3,15,5.0,0,7,2,8,4.0,0,0,0,0,,,2.0,4.3,4.3,3.3,,149,
382,Chase Edmonds,TAM,RB,27,2,0,0,0,0,0,0,4,20,5.0,0,0,0,0,,0,0,0,0,,,2.0,2.0,2.0,2.0,,113,
383,Erik Ezukanma,MIA,WR,23,2,0,0,0,0,0,0,5,22,4.4,0,1,0,0,,0,0,0,0,,,2.0,2.2,2.2,2.2,,150,
384,Jake Funk,IND,RB,25,4,0,0,0,0,0,0,2,10,5.0,0,1,1,12,12.0,0,0,0,0,,,2.0,3.2,3.2,2.7,,110,
385,Xavier Hutchinson,HOU,WR,23,6,0,0,0,0,0,0,2,15,7.5,0,2,1,9,9.0,0,0,0,0,,,2.0,3.4,3.4,2.9,,147,
386,Marvin Jones,DET,WR,33,6,4,0,0,0,0,0,0,0,,0,10,5,35,7.0,0,1,1,0,,,2.0,6.5,7.5,4.0,,155,
387,Zonovan Knight,DET,RB,22,2,0,0,0,0,0,0,3,13,4.33,0,1,1,8,8.0,0,0,0,0,,,2.0,3.1,3.1,2.6,,112,
388,Marcedes Lewis,CHI,TE,39,7,1,0,0,0,0,0,0,0,,0,2,2,24,12.0,0,0,0,0,,,2.0,4.4,4.4,3.4,,76,
389,Zach Pascal,ARI,WR,29,6,0,0,0,0,0,0,0,0,,0,8,4,19,4.75,0,0,0,0,,,2.0,5.9,5.9,3.9,,154,
390,Ben Skowronek,LAR,WR,26,7,0,0,0,0,0,0,1,11,11.0,0,5,2,13,6.5,0,0,0,0,,,2.0,4.4,4.4,3.4,,148,
391,Equanimeous St. Brown,CHI,WR,27,2,0,0,0,0,0,0,0,0,,0,2,1,21,21.0,0,0,0,0,,,2.0,3.1,3.1,2.6,,152,
392,Quez Watkins,PHI,WR,25,3,2,0,0,0,0,0,0,0,,0,5,4,21,5.25,0,0,0,0,,,2.0,6.1,6.1,4.1,,153,
393,Trevon Wesco,TEN,TE,28,6,4,0,0,0,0,0,0,0,,0,2,1,21,21.0,0,0,0,0,,,2.0,3.1,3.1,2.6,,79,
394,Mitchell Wilcox,CIN,TE,27,6,0,0,0,0,0,0,0,0,,0,4,3,17,5.67,0,0,0,0,,,2.0,4.7,4.7,3.2,,82,
395,Jameis Winston,NOR,QB,29,3,0,10,17,101,0,1,3,-4,-1.33,0,0,0,0,,0,0,0,0,,,2.0,1.6,2.6,2.6,,44,
396,Miles Boykin,PIT,WR,27,6,0,0,0,0,0,0,0,0,,0,2,1,5,5.0,0,0,0,0,,,1.0,1.5,1.5,1.0,,164,
397,Chase Brown,CIN,RB,23,5,0,0,0,0,0,0,2,6,3.0,0,3,3,7,2.33,0,0,0,0,,,1.0,4.3,4.3,2.8,,117,
398,DeeJay Dallas,SEA,RB,25,6,0,0,0,0,0,0,5,14,2.8,0,5,4,11,2.75,0,1,1,0,,,1.0,4.5,5.5,2.5,,126,
399,Kenyan Drake,BAL,RB,29,2,0,0,0,0,0,0,1,0,0.0,0,3,2,31,15.5,0,1,1,0,,,1.0,3.1,4.1,2.1,,120,
400,Payne Durham,TAM,TE,23,2,0,0,0,0,0,0,0,0,,0,2,1,8,8.0,0,0,0,0,,,1.0,1.8,1.8,1.3,,90,
401,Ross Dwelley,SFO,TE,28,7,0,0,0,0,0,0,0,0,,0,2,1,12,12.0,0,0,0,0,,,1.0,2.2,2.2,1.7,,84,
402,Chris Evans,CIN,RB,26,4,0,0,0,0,0,0,2,12,6.0,0,1,1,-1,-1.0,0,0,0,0,,,1.0,2.1,2.1,1.6,,121,
403,Zach Evans,LAR,RB,22,3,0,0,0,0,0,0,4,10,2.5,0,0,0,0,,0,0,0,0,,,1.0,1.0,1.0,1.0,,123,
404,C.J. Ham,MIN,RB,30,7,3,0,0,0,0,0,0,0,,0,4,3,14,4.67,0,0,0,0,,,1.0,4.4,4.4,2.9,,115,
405,Mecole Hardman,2TM,WR,25,6,0,0,0,0,0,0,0,0,,0,6,2,12,6.0,0,0,0,0,,,1.0,3.2,3.2,2.2,,156,
406,Evan Hull,IND,RB,23,1,0,0,0,0,0,0,1,1,1.0,0,1,1,6,6.0,0,0,0,0,,,1.0,1.7,1.7,1.2,,125,
407,Tyler Huntley,BAL,QB,25,2,0,0,1,0,0,0,2,8,4.0,0,0,0,0,,0,0,0,0,,,1.0,0.8,0.8,0.8,,46,
408,Trishton Jackson,MIN,WR,25,3,0,0,0,0,0,0,0,0,,0,1,1,7,7.0,0,0,0,0,,,1.0,1.7,1.7,1.2,,162,
409,Rakim Jarrett,TAM,WR,22,6,0,0,0,0,0,0,1,0,0.0,0,4,2,10,5.0,0,0,0,0,,,1.0,3.0,3.0,2.0,,158,
410,Jakob Johnson,LVR,RB,29,7,3,0,0,0,0,0,0,0,,0,2,1,12,12.0,0,0,0,0,,,1.0,2.2,2.2,1.7,,119,
411,Tucker Kraft,GNB,TE,23,6,0,0,0,0,0,0,0,0,,0,2,2,5,2.5,0,0,0,0,,,1.0,2.5,2.5,1.5,,91,
412,Chris Manhertz,DEN,TE,31,7,1,0,0,0,0,0,0,0,,0,3,1,10,10.0,0,0,0,0,,,1.0,2.0,2.0,1.5,,86,
413,Anthony McFarland Jr.,PIT,RB,24,2,0,0,0,0,0,0,0,0,,0,2,2,11,5.5,0,0,0,0,,,1.0,3.1,3.1,2.1,,122,
414,Keaton Mitchell,BAL,RB,21,2,0,0,0,0,0,0,0,0,,0,1,1,9,9.0,0,0,0,0,,,1.0,1.9,1.9,1.4,,124,
415,Johnny Mundt,MIN,TE,29,7,0,0,0,0,0,0,0,0,,0,1,1,11,11.0,0,0,0,0,,,1.0,2.1,2.1,1.6,,85,
416,Devine Ozigbo,DET,RB,27,2,0,0,0,0,0,0,3,5,1.67,0,1,1,8,8.0,0,0,0,0,,,1.0,2.3,2.3,1.8,,118,
417,Rashaad Penny,PHI,RB,27,1,0,0,0,0,0,0,3,9,3.0,0,1,1,5,5.0,0,0,0,0,,,1.0,2.4,2.4,1.9,,116,
418,Jalen Reagor,NWE,WR,24,2,0,0,0,0,0,0,0,0,,0,1,1,11,11.0,0,0,0,0,,,1.0,2.1,2.1,1.6,,157,
419,Cooper Rush,DAL,QB,30,3,0,4,5,28,0,0,4,-4,-1.0,0,0,0,0,,0,0,0,0,,,1.0,0.7,0.7,0.7,,47,
420,Drew Sample,CIN,TE,27,6,2,0,0,0,0,0,0,0,,0,3,3,10,3.33,0,0,0,0,,,1.0,4.0,4.0,2.5,,87,
421,Sterling Shepard,NYG,WR,30,7,1,0,0,0,0,0,0,0,,0,6,4,26,6.5,0,1,1,0,,,1.0,4.6,5.6,2.6,,163,
422,Ben Sims,GNB,TE,23,6,0,0,0,0,0,0,0,0,,0,2,2,14,7.0,0,0,0,0,,,1.0,3.4,3.4,2.4,,83,
423,Willie Snead,SFO,WR,31,1,0,0,0,0,0,0,0,0,,0,1,1,9,9.0,0,0,0,0,,,1.0,1.9,1.9,1.4,,160,
424,Jack Stoll,PHI,TE,25,7,4,0,0,0,0,0,0,0,,0,3,2,10,5.0,0,0,0,0,,,1.0,3.0,3.0,2.0,,88,
425,Cody Thompson,SEA,WR,27,6,0,0,0,0,0,0,0,0,,0,1,1,10,10.0,0,0,0,0,,,1.0,2.0,2.0,1.5,,159,
426,Dorian Thompson-Robinson,CLE,QB,24,2,1,19,36,121,0,3,4,24,6.0,0,0,0,0,,0,1,0,0,,,1.0,1.2,4.2,4.2,,45,
427,Tyquan Thornton,NWE,WR,23,2,1,0,0,0,0,0,0,0,,0,3,2,8,4.0,0,0,0,0,,,1.0,2.8,2.8,1.8,,161,
428,Cedric Tillman,CLE,WR,23,4,0,0,0,0,0,0,0,0,,0,3,1,5,5.0,0,0,0,0,,,1.0,1.5,1.5,1.0,,165,
429,Mitchell Trubisky,PIT,QB,29,1,0,3,5,18,0,0,0,0,,0,0,0,0,,0,0,0,0,,,1.0,0.7,0.7,0.7,,48,
430,Darnell Washington,PIT,TE,22,6,4,0,0,0,0,0,0,0,,0,3,1,10,10.0,0,0,0,0,,,1.0,2.0,2.0,1.5,,89,
431,Alex Armah,WAS,,29,1,0,0,0,0,0,0,0,0,,0,0,0,0,,0,0,0,0,,,,,,,,1,
432,C.J. Beathard,JAX,QB,30,2,0,2,2,9,0,0,3,-2,-0.67,0,0,0,0,,0,0,0,0,,,,0.2,0.2,0.2,,49,
433,Brandon Bolden,LVR,,33,7,0,0,0,0,0,0,0,0,,0,0,0,0,,0,0,0,0,,,,,,,,131,
434,Lynn Bowden Jr.,NOR,,26,5,0,0,0,0,0,0,0,0,,0,1,0,0,,0,0,0,0,,,,,,,,170,
435,Teddy Bridgewater,DET,QB,31,1,0,0,0,0,0,0,2,-2,-1.0,0,0,0,0,,0,0,0,0,,,,-0.2,-0.2,-0.2,,54,
436,Jake Browning,CIN,QB,27,1,0,0,1,0,0,0,1,-1,-1.0,0,0,0,0,,0,0,0,0,,,,-0.1,-0.1,-0.1,,53,
437,Jason Cabinda,DET,RB,27,3,0,0,0,0,0,0,1,0,0.0,0,0,0,0,,0,0,0,0,,,,,,,,132,
438,Grant Calcaterra,PHI,,25,7,0,0,0,0,0,0,0,0,,0,0,0,0,,0,0,0,0,,,,,,,,94,
439,Julius Chestnut,TEN,,23,3,0,0,0,0,0,0,0,0,,0,0,0,0,,0,0,0,0,,,,,,,,133,
440,Corey Clement,ARI,,29,2,0,0,0,0,0,0,0,0,,0,0,0,0,,0,0,0,0,,,,,,,,134,
441,Sean Clifford,GNB,QB,25,1,0,0,0,0,0,0,1,0,0.0,0,0,0,0,,0,1,0,0,,,,,,,,51,
442,Chris Conley,SFO,,31,2,0,0,0,0,0,0,0,0,,0,0,0,0,,0,0,0,0,,,,,,,,171,
443,Tanner Conner,MIA,,25,2,0,0,0,0,0,0,0,0,,0,0,0,0,,0,0,0,0,,,,,,,,95,
444,Britain Covey,PHI,,26,7,0,0,0,0,0,0,0,0,,0,0,0,0,,0,1,0,0,,,,,,,,172,
445,Darrell Daniels,DET,,29,3,0,0,0,0,0,0,0,0,,0,0,0,0,,0,0,0,0,,,,,,,,96,
446,Jaelon Darden,CLE,,24,1,0,0,0,0,0,0,0,0,,0,0,0,0,,0,0,0,0,,,,,,,,173,
447,Sam Darnold,SFO,QB,26,4,0,1,1,1,0,0,5,-5,-1.0,0,0,0,0,,0,0,0,0,,,,-0.5,-0.5,-0.5,,56,
448,Malik Davis,DAL,,25,1,0,0,0,0,0,0,0,0,,0,0,0,0,,0,0,0,0,,,,,,,,135,
449,Phillip Dorsett,DEN,,30,1,0,0,0,0,0,0,0,0,,0,1,0,0,,0,0,0,0,,,,,,,,174,
450,Greg Dortch,ARI,,25,7,0,0,0,0,0,0,0,0,,0,1,0,0,,0,0,0,0,,,,,,,,175,
451,Keelan Doss,LAC,,27,3,0,0,0,0,0,0,0,0,,0,0,0,0,,0,0,0,0,,,,,,,,176,
452,Simi Fehoko,LAC,,26,2,0,0,0,0,0,0,0,0,,0,0,0,0,,0,0,0,0,,,,,,,,177,
453,Myles Gaskin,MIN,,26,1,0,0,0,0,0,0,0,0,,0,0,0,0,,0,0,0,0,,,,,,,,136,
454,Reggie Gilliam,BUF,RB,26,7,0,0,0,0,0,0,0,0,,0,1,1,3,3.0,0,0,0,0,,,,1.3,1.3,0.8,,129,
455,Antoine Green,DET,WR,24,6,0,0,0,0,0,0,0,0,,0,2,1,2,2.0,0,0,0,0,,,,1.2,1.2,0.7,,167,
456,Justin Hardee,NYJ,,29,5,0,0,0,0,0,0,0,0,,0,0,0,0,,0,0,0,0,,,,,,,,178,
457,Jacob Harris,JAX,,26,2,0,0,0,0,0,0,0,0,,0,0,0,0,,0,0,0,0,,,,,,,,97,
458,N'Keal Harry,MIN,,26,4,0,0,0,0,0,0,0,0,,0,0,0,0,,0,0,0,0,,,,,,,,179,
459,Jamycal Hasty,JAX,,27,2,0,0,0,0,0,0,0,0,,0,2,0,0,,0,0,0,0,,,,,,,,137,
460,Peyton Hendershot,DAL,TE,24,3,0,0,0,0,0,0,1,0,0.0,0,2,1,3,3.0,0,0,0,0,,,,1.3,1.3,0.8,,93,
461,Parker Hesse,ATL,,28,1,0,0,0,0,0,0,0,0,,0,0,0,0,,0,0,0,0,,,,,,,,98,
462,Elijah Higgins,ARI,TE,23,1,0,0,0,0,0,0,0,0,,0,1,1,0,0.0,0,0,0,0,,,,1.0,1.0,0.5,,99,
463,J.P. Holtz,NOR,,30,1,0,0,0,0,0,0,0,0,,0,0,0,0,,0,0,0,0,,,,,,,,100,
464,Travis Homer,CHI,,25,6,0,0,0,0,0,0,0,0,,0,1,0,0,,0,0,0,0,,,,,,,,138,
465,Jesper Horsted,LVR,TE,26,7,0,0,0,0,0,0,0,0,,0,1,1,4,4.0,0,0,0,0,,,,1.4,1.4,0.9,,92,
466,Godwin Igwebuike,2TM,,29,3,0,0,0,0,0,0,0,0,,0,0,0,0,,0,0,0,0,,,,,,,,139,
467,Ty Johnson,BUF,,26,1,0,0,0,0,0,0,0,0,,0,0,0,0,,0,0,0,0,,,,,,,,140,
468,Julio Jones,PHI,WR,34,1,0,0,0,0,0,0,0,0,,0,1,1,3,3.0,0,0,0,0,,,,1.3,1.3,0.8,,166,
469,Taiwan Jones,NYG,,35,2,0,0,0,0,0,0,0,0,,0,0,0,0,,0,0,0,0,,,,,,,,141,
470,Ko Kieft,TAM,,25,6,5,0,0,0,0,0,0,0,,0,3,0,0,,0,0,0,0,,,,,,,,101,
471,Keith Kirkwood,NOR,WR,29,7,2,0,0,0,0,0,0,0,,0,4,1,1,1.0,0,0,0,0,,,,1.1,1.1,0.6,,169,
472,Charlie Kolar,BAL,,24,5,0,0,0,0,0,0,0,0,,0,1,0,0,,0,0,0,0,,,,,,,,102,
473,Tyler Kroft,MIA,,31,3,0,0,0,0,0,0,0,0,,0,0,0,0,,0,0,0,0,,,,,,,,103,
474,Kwamie Lassiter II,CIN,WR,25,1,0,0,0,0,0,0,0,0,,0,1,1,2,2.0,0,0,0,0,,,,1.2,1.2,0.7,,168,
475,Sean McKeon,DAL,,26,3,0,0,0,0,0,0,0,0,,0,1,0,0,,0,0,0,0,,,,,,,,104,
476,Kirk Merritt,NOR,,26,1,0,0,0,0,0,0,0,0,,0,0,0,0,,0,0,0,0,,,,,,,,180,
477,James Mitchell,DET,,24,5,0,0,0,0,0,0,0,0,,0,0,0,0,,0,0,0,0,,,,,,,,105,
478,Jalen Nailor,MIN,,24,2,0,0,0,0,0,0,0,0,,0,0,0,0,,0,0,0,0,,,,,,,,181,
479,Dare Ogunbowale,HOU,RB,29,1,0,0,0,0,0,0,2,4,2.0,0,0,0,0,,0,0,0,0,,,,0.4,0.4,0.4,,127,
480,Qadree Ollison,PIT,,27,1,0,0,0,0,0,0,0,0,,0,0,0,0,,0,0,0,0,,,,,,,,142,
481,Matthew Orzech,GNB,,28,6,0,0,0,0,0,0,0,0,,0,0,0,0,,0,0,0,0,,,,,,,,106,
482,Nathan Peterman,CHI,QB,29,1,0,0,0,0,0,0,2,-4,-2.0,0,0,0,0,,0,1,0,0,,,,-0.4,-0.4,-0.4,,55,
483,Kevin Rader,TEN,,28,3,0,0,0,0,0,0,0,0,,0,0,0,0,,0,0,0,0,,,,,,,,107,
484,Giovanni Ricci,CAR,RB,27,5,0,0,0,0,0,0,0,0,,0,1,1,2,2.0,0,0,0,0,,,,1.2,1.2,0.7,,130,
485,Demarcus Robinson,LAR,,29,6,0,0,0,0,0,0,0,0,,0,0,0,0,,0,0,0,0,,,,,,,,182,
486,Aaron Rodgers,NYJ,QB,40,1,1,0,1,0,0,0,0,0,,0,0,0,0,,0,0,0,0,,,,,,,,52,
487,Amari Rodgers,IND,,24,3,0,0,0,0,0,0,0,0,,0,2,0,0,,0,0,0,0,,,,,,,,183,
488,Matthew Slater,NWE,,38,7,0,0,0,0,0,0,0,0,,0,0,0,0,,0,0,0,0,,,,,,,,184,
489,Ihmir Smith-Marsette,CAR,,24,6,0,0,0,0,0,0,0,0,,0,0,0,0,,0,0,0,0,,,,,,,,185,
490,Stephen Sullivan,CAR,,27,1,0,0,0,0,0,0,0,0,,0,0,0,0,,0,0,0,0,,,,,,,,108,
491,Trent Taylor,CHI,,29,7,0,0,0,0,0,0,0,0,,0,1,0,0,,0,0,0,0,,,,,,,,186,
492,Laquon Treadwell,BAL,,28,2,0,0,0,0,0,0,0,0,,0,0,0,0,,0,0,0,0,,,,,,,,187,
493,Clayton Tune,ARI,QB,24,1,0,1,1,4,0,0,0,0,,0,0,0,0,,0,0,0,0,,,,0.2,0.2,0.2,,50,
494,Tylan Wallace,BAL,,24,3,0,0,0,0,0,0,0,0,,0,0,0,0,,0,0,0,0,,,,,,,,188,
495,Dwayne Washington,DEN,,29,6,0,0,0,0,0,0,0,0,,0,0,0,0,,0,0,0,0,,,,,,,,143,
496,Montrell Washington,KAN,,24,4,0,0,0,0,0,0,0,0,,0,0,0,0,,0,2,0,0,,,,,,,,189,
497,Kristian Wilkerson,LVR,,26,2,1,0,0,0,0,0,0,0,,0,0,0,0,,0,0,0,0,,,,,,,,190,
498,Jeff Wilson,MIA,RB,28,1,0,0,0,0,0,0,0,0,,0,1,1,4,4.0,0,0,0,0,,,,1.4,1.4,0.9,,128,
499,Juwann Winfree,IND,,27,4,0,0,0,0,0,0,0,0,,0,0,0,0,,0,0,0,0,,,,,,,,191,
500,Charlie Woerner,SFO,,26,7,1,0,0,0,0,0,0,0,,0,0,0,0,,0,0,0,0,,,,,,,,109,
501,Kyle Allen,BUF,QB,27,4,0,0,0,0,0,0,7,-7,-1.0,0,0,0,0,,0,0,0,0,,,-1.0,-0.7,-0.7,-0.7,,57,
502,Deon Jackson,2TM,RB,24,3,1,0,0,0,0,0,13,14,1.08,0,6,5,14,2.8,0,2,2,0,,,-1.0,3.8,5.8,1.3,,145,
503,Richie James,KAN,WR,28,2,0,0,0,0,0,0,0,0,,0,3,1,6,6.0,0,1,1,0,,,-1.0,-0.4,0.6,-0.9,,192,
504,Kyle Philips,TEN,WR,24,2,0,0,0,0,0,0,0,0,,0,3,1,6,6.0,0,1,1,0,,,-1.0,-0.4,0.6,-0.9,,193,
505,Adam Prentice,NOR,RB,26,5,1,0,0,0,0,0,1,5,5.0,0,2,1,5,5.0,0,1,1,0,,,-1.0,,1.0,-0.5,,144,
506,David Wells,TAM,TE,28,4,0,0,0,0,0,0,0,0,,0,2,2,-10,-5.0,0,1,0,0,,,-1.0,1.0,1.0,,,110,
507,Blaine Gabbert,KAN,QB,34,1,0,3,5,31,0,2,2,-1,-0.5,0,0,0,0,,0,0,0,0,,,-3.0,-2.9,-0.9,-0.9,,58,
508,Gunner Olszewski,PIT,WR,27,2,0,0,0,0,0,0,0,0,,0,1,1,0,0.0,0,2,2,0,,,-4.0,-3.0,-1.0,-3.5,,194,
